id,algorithm,vertices,total_cost,time_ms,operations
1,Prim,9,29.00000000,3.094,70
1,Kruskal,9,29.00000000,1.469,49
2,Prim,6,21.00000000,0.068,45
2,Kruskal,6,21.00000000,0.053,38
3,Prim,13,50.00000000,0.106,100
3,Kruskal,13,50.00000000,0.079,92
4,Prim,13,56.00000000,0.071,80
4,Kruskal,13,56.00000000,0.086,70
5,Prim,13,59.00000000,0.118,80
5,Kruskal,13,59.00000000,0.070,70
